"time","slipAngleFrontWheel","slipAngleRearLeftWheel","slipAngleRearRightWheel","forceFrontWheel[1,2]","forceRearLeftWheel[1,2]","forceRearRightWheel[1,2]"
0,0,0,0,0,0,0
0.1,-0.002709140521525723,3.813764335336019e-05,3.792640856245212e-05,-49.85754836193994,1.053130401701805,1.047326947708211
0.2,-0.003013864388566238,-0.0002177146534343342,-0.0002149504471277631,-55.45900941794675,-6.011937117028713,-5.935776595387964
0.3,-0.003298192880791861,-0.0004827783084523474,-0.0004732163449809856,-60.68368702241428,-13.33119089490381,-13.06753255398536
0.4,-0.003581542130034607,-0.0007501126609949587,-0.0007299713402697458,-65.8883936276509,-20.71275641750414,-20.15721182667489
0.5,-0.003863818579318156,-0.001019403358208317,-0.0009849193437053367,-71.07126257918819,-28.14772832323779,-27.19645737934919
0.6,-0.004144833491673662,-0.001290372586682758,-0.001237812705952589,-76.22868757827655,-35.62820325107274,-34.17825980717192
0.7,-0.004424404879715664,-0.001562723409032552,-0.00148839776951277,-81.35719608755974,-43.14574507182688,-41.09545536138656
0.8,-0.004702330174596485,-0.001836154179061917,-0.001736428922350416,-86.45294968141648,-50.69178558724283,-47.94111558739553
0.9,-0.004978378351236667,-0.002110347770674756,-0.001981658454354321,-91.51160157945414,-58.25732968099654,-54.70826845495272
1,-0.00525232171794924,-0.002384984953665659,-0.002223849329956083,-96.52888131060682,-65.83332765718011,-61.39025234283971
1.1,-0.005523911040999489,-0.002659741955561435,-0.002462772767838732,-101.5001438508598,-73.41061217392438,-67.9806517563989
1.2,-0.005792877863961449,-0.002934277516609512,-0.00269819616548004,-106.4203993412882,-80.97953920215997,-74.47295822820223
1.3,-0.006058977583507811,-0.003208314373636916,-0.002929958062719294,-111.2851137995372,-88.53223795488017,-80.86264511353379
1.4,-0.006321867955922933,-0.003481383246427293,-0.003157733293563124,-116.0880320973432,-96.05558296224473,-87.14070210190243
1.5,-0.006581106491360634,-0.003753144511959394,-0.003381328305280029,-120.8210146029679,-103.5400046930229,-93.30174397889891
1.6,-0.006836582058127503,-0.004023380905353459,-0.003600671234387654,-125.4820620309352,-110.9793525678096,-99.34377498924243
1.7,-0.007087923824501205,-0.00429163398193457,-0.003815484683809858,-130.0644328364063,-118.3608396965334,-105.2591485803455
1.8,-0.007334622960357003,-0.004557515425597395,-0.004025564881352209,-134.5589019475252,-125.6736560575969,-111.0422669801721
1.9,-0.007576345961764105,-0.004820560221467419,-0.004230653679565481,-138.9594968146194,-132.904914857528,-116.6860617348787
2,-0.007812792322189562,-0.005080829970110712,-0.004430965058355264,-143.2607751025766,-140.0561812916175,-122.1964404313777
2.1,-0.008043684247487153,-0.005337423580025358,-0.004625879937921595,-147.4578797159332,-147.1026817400334,-127.5564556888383
2.2,-0.008268319589266012,-0.005590248764392252,-0.004815495017549342,-151.5381686786309,-154.0418458281482,-132.7688335167633
2.3,-0.008486371717981113,-0.005838812775212319,-0.004999569104242349,-155.4958859459537,-160.8601518958302,-137.8270282162612
2.4,-0.008697451833071692,-0.006082799881377531,-0.005178022105961339,-159.3241852338712,-167.5489919751176,-142.7289489056419
2.5,-0.008901082580005932,-0.006321844689803238,-0.005350738947527739,-163.0146183674313,-174.0984044502391,-147.4715324172336
2.6,-0.009097003800961026,-0.006555686718726869,-0.005517700213363067,-166.5627109446901,-180.5013559679827,-152.0543663657834
2.7,-0.009284384784046492,-0.006783487384977591,-0.005678404941535824,-169.9537241917979,-186.7350645729224,-156.4638565879601
2.8,-0.009463353458000968,-0.007005792843788316,-0.005833522732317213,-173.1901604609918,-192.8145413570028,-160.7184488084399
2.9,-0.009633177100542848,-0.007221457516381614,-0.005982307460817824,-176.2591389232736,-198.7087455344008,-164.7978732300271
3,-0.009793443711358747,-0.007430472159603338,-0.006124967520172686,-179.1534853040154,-204.4176159295092,-168.7079683548097
3.1,-0.009943886827997092,-0.007632542060932091,-0.006261475382185805,-181.8687039246186,-209.9333564461527,-172.4481304250822
3.2,-0.01008382987994749,-0.007827083611627194,-0.006391565716486276,-184.3928457386575,-215.2402531935326,-176.0111960199976
3.3,-0.01021320745662767,-0.00801412080604553,-0.006515473638391026,-186.7251290369572,-220.3393869069482,-179.4038435588069
3.4,-0.01033148794161114,-0.008193202754733335,-0.006633043799515235,-188.8562171069226,-225.2186818709679,-182.6219018876479
3.5,-0.01043829130211817,-0.008363872141842773,-0.006744114802265028,-190.7796324266844,-229.8661117778503,-185.6611698572203
3.6,-0.01053355033528441,-0.008526179073717235,-0.0068489330370871,-192.4943270964391,-234.2832486218607,-188.528441030354
3.7,-0.01061676035310189,-0.008679773126535827,-0.006947414198213566,-193.9915522730423,-238.4609897055817,-191.2216081871216
3.8,-0.01068773904557798,-0.008824298692362457,-0.007039466271339336,-195.268219967939,-242.3899770922182,-193.7382614540869
3.9,-0.01074633122407212,-0.008959653153961258,-0.007125193024911933,-196.3217695168123,-246.067792913195,-196.0813821856211
4,-0.0107922829232623,-0.009085575025228368,-0.007204561829538564,-197.147794196948,-249.4876687412042,-198.2501921643408
4.1,-0.01082533053053487,-0.009201855712550184,-0.007277573587543899,-197.7417073313958,-252.644286259381,-200.2448361528247
4.2,-0.01084543424233915,-0.009308310880697723,-0.007344239321515757,-198.1029109943053,-255.5329857808438,-202.0657338674145
4.3,-0.01085253809448722,-0.00940483022024024,-0.007404615838135423,-198.2304423768798,-258.1510734087566,-203.7145274039817
4.4,-0.01084649180258347,-0.009491223083066108,-0.007458684410811441,-198.1216443634553,-260.4936905343969,-205.1908095118446
4.5,-0.01082739064756069,-0.009567406244165036,-0.007506498126363846,-197.7781664996206,-262.5587998071217,-206.4960804115374
4.6,-0.01079524725010397,-0.009633222107834783,-0.007548038133262034,-197.2002228634529,-264.3424268190562,-207.6299327282314
4.7,-0.01075002860391556,-0.009688613318924701,-0.007583348084573276,-196.3871032633834,-265.843216088856,-208.5936113004551
4.8,-0.01069193225245313,-0.009733471114647755,-0.007612418023741176,-195.3422289557635,-267.0584232275718,-209.3869107574132
4.9,-0.01062101319292835,-0.009767736489130227,-0.007635258754131299,-194.0663878868051,-267.9865613888609,-210.0101457591179
5,-0.01053729799062884,-0.009791446352061606,-0.007651940763573318,-192.5598802720083,-268.6288024026049,-210.4653099043175
5.1,-0.01044121734120495,-0.009804428101788738,-0.007662355932565568,-190.8301715324437,-268.9804949958584,-210.7494440674541
5.2,-0.01033288697068406,-0.009806721392040323,-0.007666543883605524,-188.8791118004955,-269.0428155781361,-210.8636812093435
5.3,-0.0102126153654238,-0.009798305810696481,-0.00766448083464523,-186.7119442709788,-268.8151894101525,-210.8073617939042
5.4,-0.0100806325308143,-0.009779380086566106,-0.007656295951263661,-184.3324689468029,-268.3029180414424,-210.5839762065253
5.5,-0.009937092655322421,-0.009749830005997643,-0.00764185881428438,-181.7431788510576,-267.5029144563556,-210.1899974189844
5.6,-0.009782688647127731,-0.009709619517918129,-0.007621087363613574,-178.9562539605298,-266.4140983877715,-209.6231630287529
5.7,-0.009617457375069327,-0.009658899465251393,-0.007594021007273328,-175.9719714473452,-265.0403875533653,-208.8844983279145
5.8,-0.009441911256431946,-0.009597696532666948,-0.007560593535306942,-172.7992524425871,-263.3823315508513,-207.9721523973236
5.9,-0.009256431812286718,-0.009526299453806862,-0.007520926586226197,-169.4446527828666,-261.4475587022715,-206.8893966222005
6,-0.009061307160767511,-0.0094446039003158,-0.00747481952438632,-165.9130602662442,-259.2330181326857,-205.6306973819664
6.1,-0.00885702758917925,-0.009352833266139639,-0.00742231653553588,-162.2130200931202,-256.7444925197817,-204.1971787084938
6.2,-0.008644045625170061,-0.009251196981765136,-0.00736344019437008,-158.352405312054,-253.9873075628142,-202.5893267576179
6.3,-0.008422747686942456,-0.009139612599279631,-0.007297964534583875,-154.3379771664741,-250.9590517578496,-200.8009635460039
6.4,-0.008193523385059725,-0.009018407853822529,-0.007225981839631796,-150.1765140178752,-247.6682304058346,-198.8344630179486
6.5,-0.007956760729806278,-0.008887779455165284,-0.00714747122275872,-145.8748393437963,-244.1198739348627,-196.6891576109616
6.6,-0.007713010073599784,-0.008747822116040934,-0.007062320346604301,-141.4427235154069,-240.316195176557,-194.3618495126582
6.7,-0.007462591752074841,-0.008598775717942465,-0.006970524922536193,-136.8858113069194,-236.2633693561684,-191.8522976710523
6.8,-0.007205858774503537,-0.008440862874151328,-0.006872061457901222,-132.2103696456686,-231.9670890766945,-189.1597191568447
6.9,-0.006943247032750411,-0.008274249627777669,-0.006766853950564916,-127.4242001534714,-227.4315199250032,-186.2818942727434
7,-0.006675213187957585,-0.008099241270624535,-0.006654936564535982,-122.5355309028397,-222.6646333343256,-183.2196143396286
7.1,-0.006402030132124594,-0.007915952001079071,-0.006536182226301482,-117.549262055278,-217.6691929845855,-179.9692440705648
7.2,-0.006124100650853271,-0.007724793297953921,-0.00641070704065064,-112.4727164782286,-212.4561253964036,-176.5338300336446
7.3,-0.005841870437323596,-0.007526134283343248,-0.006278593964995859,-107.3139770903293,-207.0350911687329,-172.9154148354559
7.4,-0.005555755886661073,-0.007320055817094486,-0.006139686925391394,-102.0806829461494,-201.4080184084498,-169.1095687738271
7.5,-0.00526575211405531,-0.007106748867798029,-0.00599391541067642,-96.77280034721626,-195.5799339828719,-165.1142579581182
7.6,-0.004972369898674879,-0.006886597286618538,-0.005841378114477152,-91.39971664376276,-189.5610210466439,-160.9319843031245
7.7,-0.004675815773567754,-0.006659899726009825,-0.005682103663816332,-85.96529223163381,-183.359220979009,-156.5633692702368
7.8,-0.004376386910783101,-0.006426916810176911,-0.005516092748708178,-80.47507050544621,-176.9814612613446,-152.0082684424625
7.9,-0.004074400147420448,-0.006187991060307681,-0.005343420527830937,-74.93497595314112,-170.4369463155766,-147.268585394651
8,-0.00377002542737148,-0.005943395387165067,-0.005164107796638503,-69.34826096168919,-163.7330070005424,-142.3447372411487
8.1,-0.003463511311591722,-0.005693443362101528,-0.004978216621446306,-63.719640165703,-156.8781430355426,-137.23829538153
8.199999999999999,-0.003155024558840269,-0.005438413453176841,-0.004785785529277694,-58.05233768303718,-149.8798963179559,-131.9501702566723
8.300000000000001,-0.002844791541838696,-0.005178614805856769,-0.004586886702648056,-52.35069040404092,-142.7467163277725,-126.4822314398242
8.4,-0.002533153978573476,-0.004914533845703908,-0.004381757918577797,-46.62115001827576,-135.4919014826766,-120.8408733150715
8.5,-0.002219903425363991,-0.004646122073609181,-0.004170170631422231,-40.86010777172294,-128.1141856686039,-115.0197505465365
8.6,-0.001905546575814453,-0.004374191519198923,-0.003952673483016544,-35.07707520143415,-120.6359297501117,-109.0338655995835
8.699999999999999,-0.001590068459054149,-0.004098683544589802,-0.003729045284686163,-29.27199382901105,-113.055573421443,-102.8770544813151
8.800000000000001,-0.001273565273707687,-0.003819882108616365,-0.003499379045529549,-23.44685556630914,-105.3810397197738,-96.55182923504131
8.9,-0.0009561130152701266,-0.00353812840131518,-0.003263829749324743,-17.60328706034932,-97.62188551462809,-90.06245754082717
9,-0.000638838514805624,-0.003255277546511965,-0.003023969756065751,-11.76225636814928,-89.82930644898885,-83.45221571787148
9.1,-0.0003197324304359278,-0.002968117998170597,-0.00277668487803957,-5.887021770606673,-81.91507139232976,-76.6353533924501
9.199999999999999,-4.894140154385359e-07,-0.002679999162489014,-0.002524958208044281,-0.009011325687896999,-73.97162633998093,-69.69408030021935
9.300000000000001,0.0003189901774720766,-0.002390268124271732,-0.002268068877427658,5.873364602450213,-65.98121991396836,-62.60860788308948
9.4,0.0006388561829579349,-0.002099315210584993,-0.002006278073682849,11.7626196525537,-57.95484140207756,-55.38621448329982
9.5,0.0009588665438487015,-0.001807376474496368,-0.001739713187527917,17.65405113923986,-49.89926278142043,-48.03053202326513
9.6,0.001278982771194137,-0.001514822153574337,-0.00146864174745202,23.5467067827701,-41.82497187532852,-40.54908335829177
9.699999999999999,0.001599076417359484,-0.001221939542877909,-0.001193264614881029,29.43797603720066,-33.74016640148918,-32.94756698266176
9.800000000000001,0.001919040536255819,-0.0009290398627550769,-0.0009138183305186296,35.32564587579474,-25.65371625169214,-25.23269435233098
9.9,0.002238765473551795,-0.0006364170206369329,-0.0006305354001457436,41.2074563351453,-17.57401933576857,-17.41109027677555
10,0.002558120631322137,-0.0003443846317461367,-0.0003436808925379603,47.08076444667709,-9.510019251375253,-9.490300558411919
10.1,0.002876971468850335,-5.324147131120911e-05,-5.351868776815992e-05,52.9428596331058,-1.470249280770735,-1.477860008339416
10.2,0.003195178773093049,0.0002367179318373963,0.0002396780594738343,58.79095139834136,6.536878388984667,6.618421075455388
10.3,0.003512586809616155,0.0005251938087541629,0.0005356171217607834,64.62195193323527,14.50281341448224,14.79018824954261
10.4,0.003829040956323462,0.0008119100676055011,0.000834016428094649,70.4328030997993,22.41966859511372,23.02935256642524
10.5,0.00414434127155085,0.001096570549457253,0.001134559376197992,76.21962216878026,30.27901435586399,31.32685888733706
10.6,0.004458309081500698,0.001378868027041358,0.001436903260849114,81.97892834264121,38.07212949340809,39.67292215413826
10.7,0.004770694255647653,0.001658541032631726,0.001740738127574872,87.70594920892869,45.79157310392765,48.05865530072638
10.8,0.005081381652333385,0.001935338944069447,0.002045751340586475,93.39839342021644,53.43022178318251,56.47509599484571
10.9,0.005390009387122116,0.002208957269682063,0.002351558748450927,99.04947363874557,60.97948463461611,64.91130464574603
11,0.00569628169422148,0.002479086237810903,0.002657754638582963,104.6536442358208,68.4306493171068,73.35575467400304
11.1,0.006000008176596038,0.002745549180806213,0.002964060881368819,110.2072759862098,75.77869734440294,81.80045210298539
11.2,0.006300964900216595,0.003008099021690411,0.003270109467304641,115.7061894274953,83.01669171769053,90.23492780813157
11.3,0.006598768201029667,0.0032664009368415,0.003575422189311268,121.1432706447434,90.13530062649667,98.64570077761438
11.4,0.006892728264131755,0.003520258134292224,0.003879655950646175,126.5059198123881,97.12903897884573,107.0230401737926
11.5,0.007183412315753672,0.003769649808636284,0.004182644877244023,131.804393049748,103.9972581564786,115.362087640561
11.6,0.007469525693200398,0.004013797480405217,0.004483375557711043,137.0151599254347,110.7185174229941,123.6347427109327
11.7,0.007750993989562444,0.004252993300336676,0.004782001242854264,142.1368477955788,117.3008396496194,131.8449875325946
11.8,0.008027473329045607,0.004486844260932859,0.005077902826321519,147.1632754688358,123.733433242101,139.9756221103229
11.9,0.008298531379912421,0.004715179056603073,0.005370693326874505,152.0866872394879,130.0116317525387,148.0158694195698
12,0.00856369739406284,0.00493780335178257,0.005659947057764744,156.8986611539831,136.1301560308038,155.9539293092953
12.1,0.008822542316864227,0.005154540282443947,0.00594524483484805,161.5915773500896,142.0842316742937,163.7782292132933
12.2,0.009074609223460201,0.005365221214112597,0.006226164557405495,166.1573500975995,147.8693308521799,171.4771646006581
12.3,0.00931942464024429,0.005569693337491837,0.006502290578346752,170.58764195235,153.4813851994098,179.0393650239862
12.4,0.009556551851125764,0.005767831685997669,0.006773228392826318,174.8748138666055,158.9171005973271,186.4540791112581
12.5,0.009785482738482528,0.005959451743345048,0.007038504566371243,179.0099689306572,164.1715666580875,193.708452615155
12.6,0.01000586120420616,0.006144573394783812,0.007297878499293673,182.9869381798508,169.2454600561126,200.7960086539078
12.7,0.01021644387498201,0.006322889984030508,0.007550713128802707,186.7838732801649,174.1306885767804,207.6996982469266
12.8,0.01041800972753399,0.006494241877740467,0.007796529678671189,190.414971959646,178.8229374763716,214.4065266717667
12.9,0.01060941152156054,0.006659076779491541,0.0080355895962799,193.8600199210858,183.3346973690247,220.9239453553213
13,0.01079013111497327,0.006816448882568021,0.008266462047301762,197.110128517405,187.6403020922294,227.2132917126291
13.1,0.01095981889810527,0.006967098351224951,0.008489750076923108,200.1594179033622,191.7601960309341,233.2913335541505
13.2,0.01111810569838692,0.007110631760823407,0.008704684477341771,203.0016840820405,195.683826307856,239.1375129940399
13.3,0.01126448136451671,0.00724702749601932,0.00891094702664816,205.6282052788194,199.410819804394,244.7436045087859
13.4,0.01139862979118285,0.007376316504053613,0.00910828514626813,208.0337178487104,202.9422215831241,250.1031713191103
13.5,0.01152019695422979,0.007498468244392928,0.009296374730816168,210.2122756266687,206.2773963922961,255.2078638785744
13.6,0.01162872419095574,0.00761341037807014,0.009474845477685087,212.1560538159534,209.4145745409865,260.0481156755122
13.7,0.01172393245222338,0.007721156956078856,0.009643438970622992,213.8604209351913,212.3543364604295,264.6174078705182
13.8,0.01180557781085288,0.007821773120364712,0.009801969850937059,215.3213271602349,215.0986394494776,268.9111960181132
13.9,0.01187341021460179,0.007915224988030095,0.00995013867021019,216.534597925736,217.6467391328679,272.9218580183194
14,0.01192713821564026,0.008001490156531852,0.01008767211673576,217.4952702949396,219.9981938634741,276.6424767327732
14.1,0.01196678991810103,0.00808076489119974,0.01021458258968862,218.2040622816138,222.1585113120015,280.0738535993656
14.2,0.01199196605116531,0.008152729390542027,0.01033025549690583,218.6538722973006,224.1190663003251,283.1997201882552
14.3,0.01200261782941939,0.00821779210969396,0.01043499829411601,218.8441311340155,225.8912405383061,286.0290116603518
14.4,0.01199883693785576,0.00827574725719488,0.0105283690953158,218.7763815524343,227.4694706807373,288.5500489907034
14.5,0.01198049126512451,0.008326684123711545,0.01061031578157954,218.4482748760364,228.8563133948199,290.7618140329409
14.6,0.01194759928999949,0.008370618562009668,0.01068071185663602,217.8600862651626,230.0523061306058,292.6612317314566
14.7,0.01190025976815411,0.008407566275252409,0.01073945198954999,217.0134412315075,231.0579550427399,294.2457370168925
14.8,0.01183865912370857,0.008437681594764193,0.0107866295714104,215.9114814112764,231.8775234204244,295.5180758397304
14.9,0.01176269962323001,0.008460686594568284,0.01082180873307216,214.5522775820923,232.5035413056427,296.466751400093
15,0.01167280118937567,0.008476855537330397,0.01084528125221909,212.9430168905642,232.9434877962205,297.0997297493803
15.1,0.01156909652586197,0.008486131734054395,0.01085694059521278,211.0857615607292,233.195856263985,297.4142458915335
15.2,0.01145181356162579,0.008488532055051942,0.01085679660421796,208.9842376304437,233.2611199665098,297.4106077446251
15.3,0.01132128232438601,0.00848401542734988,0.01084480910546015,206.6439672625571,233.1381759777178,297.0877460739472
15.4,0.01117774369249342,0.008472532878373558,0.01082095219414151,204.0688618104803,232.8256898224145,296.4449212313697
15.5,0.01102174645645734,0.008454488276261354,0.01078580052494255,201.2682577828524,232.3345690502913,295.4974257985584
15.6,0.01085345641902302,0.008429092934542361,0.01073842957555802,198.2448080638889,231.6434293150786,294.2203645562693
15.7,0.01067325347258096,0.008396935933711668,0.01067969785998446,195.0047779966365,230.7681625571212,292.6365444062789
15.8,0.01048167110451688,0.008357841010571899,0.01060950546195791,191.5573241386728,229.7039370246495,290.7430738522906
15.9,0.01027908699157269,0.00831175353566827,0.01052793053620519,187.9087858269977,228.4491841388414,288.5417681709229
16,0.01006592742463954,0.008258689433214766,0.01043516051491992,184.066388307508,227.0042415994544,286.0373536270117
16.1,0.0098428744983577,0.008198855686343898,0.01033163985105149,180.0420140661443,225.3746679340023,283.2415144238062
16.2,0.009610089531179304,0.008131468875586549,0.01021658615528507,175.838155775762,223.5389748806107,280.1326691155431
16.3,0.009367823648057473,0.00805717693057042,0.01009103874333871,171.4589689455988,221.5147195073868,276.7385422359966
16.4,0.009117000880326317,0.007975653105770763,0.009954815385141888,166.920798882201,219.2928535742839,273.0537612570486
16.5,0.008857979934860089,0.007887060117702717,0.009808369923370506,162.229809397269,216.8776649552923,269.0901573748397
16.6,0.008591135546666542,0.007791351466637978,0.009651900983519684,157.3924810961531,214.2676850643377,264.8525879895207
16.7,0.008317130325320877,0.007688385464955975,0.009485497744765016,152.4205900990697,211.4588805477582,260.3430045021311
16.8,0.008036103400797155,0.007578009194777721,0.009309255604674783,147.3164665821354,208.4469575320527,255.5636032205843
16.9,0.007748603404711581,0.00746026772497751,0.009123514685968784,142.0898805313535,205.2329266266728,250.5230931928669
17,0.007455185378034778,0.007335406483385855,0.008928865211237494,136.7507789309034,201.8232930849502,245.2370389305505
17.1,0.007156076526557013,0.007203246445833196,0.008725378473388137,131.3031593648288,198.2128712723945,239.706800197158
17.2,0.006852106903682952,0.007063638157501555,0.008513170776198982,125.7621395291208,194.3974995688454,233.935290058354
17.3,0.006543106285102641,0.006916645923774488,0.008292621995589312,120.1245657223228,190.3786667255777,227.9323517541629
17.4,0.006229636681360212,0.006762199906419182,0.008063945407061662,114.4006952254611,186.1542515470134,221.7034096477813
17.5,0.005912048296864458,0.006600411800380392,0.007827571742023072,108.596944994197,181.7270627529607,215.2597972417577
17.6,0.005590865715768907,0.006431412911736621,0.007583949148049916,102.7229862408406,177.1005115743496,208.6134566882436
17.7,0.00526621084433406,0.00625508461132879,0.007333224822435,96.78113955956628,172.2710893447634,201.7680509207341
17.8,0.004938406680037293,0.006071390981533272,0.007075644122658212,90.77744917073338,167.2376401553597,194.7300733566459
17.9,0.004607754787564169,0.005880504952145151,0.006811687811916984,84.71758106764489,162.0046735864824,187.512410711751
18,0.004274522509111256,0.005682375252819897,0.006541568322254349,78.6066147472432,156.5705999822174,180.1207119414088
18.1,0.003938907280131788,0.005477107044244124,0.00626567262686852,72.44835755289496,150.9381002390861,172.5654056716601
18.2,0.003601184845107683,0.00526479209853175,0.005984361993692794,66.24808528808646,145.1095261679028,164.8563036019233
18.3,0.003261557983344139,0.005045474840287675,0.005697934481275395,60.00974824287521,139.0859292779277,157.0015073758333
18.4,0.002920230746252868,0.004819310137090108,0.005406803206755929,53.73733961859025,132.8714205677691,149.0123402873903
18.5,0.0025774077313877,0.004586382703270377,0.005111290474255663,47.43487920408977,126.4682069322751,140.8976785122939
18.6,0.0022331386108472,0.004346711182181374,0.004811634803897884,41.10354725067513,119.876682065517,132.6641295382498
18.7,0.001887454076709761,0.004100137393370761,0.004507871810827129,34.74419799650911,113.0924538318331,124.3128176590552
18.8,0.001540964829073093,0.003847702910223951,0.004201343840494302,28.36833067387636,106.1440327166653,115.8807011510512
18.9,0.001193704282906167,0.003589017798537743,0.00389180007109341,21.97687829368816,99.02072543171808,107.3611416791337
19,0.0008454468675782853,0.00332397379554174,0.003579298313016734,15.5659900758045,91.7195332124647,98.75592941690566
19.1,0.0004965369750328043,0.003053071318476232,0.003264541029373761,9.142313457736906,84.25425984651817,90.08464588932362
19.2,0.0001470088269899464,0.002776359347320115,0.002947728807827773,2.706791715712339,76.62630217325987,81.35308110153136
19.3,-0.0002028964634904564,0.002494173749581146,0.002629354841870412,-3.73581810689233,68.84502437820994,72.57515024430661
19.4,-0.0005531462411418393,0.002206615455067031,0.00230964878238548,-10.18459473446061,60.91329615437145,63.75746931240838
19.5,-0.000903605901006514,0.001913903598412554,0.001988952471392342,-16.63673936851952,52.83732931713919,54.90982324868467
19.6,-0.00125420910640717,0.001616286599421798,0.001667623904197005,-23.09070165139936,44.62413804188669,46.04241655979197
19.7,-0.001604783537752381,0.001314040694213662,0.001346034902408527,-29.54299854150014,36.2815830301671,37.1659139011163
19.8,-0.001955255346277759,0.001007400723004545,0.001024499826587193,-35.99193711623431,27.81636878559831,28.28932993748153
19.9,-0.002305496916691264,0.0006964438842648741,0.0007031600319734386,-42.43485879315974,19.2309060920084,19.41695632809596
20,-0.002655325408347212,0.0003818827094596889,0.0003827848791920362,-48.86807811554431,10.54516641965785,10.57041181960371
20.1,-0.003004625861364377,6.358207450411566e-05,6.327270082225173e-05,-55.28917249384333,1.755747902573578,1.747260153506753
20.2,-0.003353309546446273,-0.0002579502918927598,-0.0002548453607824908,-61.6962080487104,-7.12297719403064,-7.037461313657751
20.3,-0.003701021920268787,-0.0005824535184118872,-0.0005713010765096292,-68.08236557806414,-16.08342938998494,-15.77598584801217
20.4,-0.004047767453637849,-0.0009095799093201223,-0.0008857551676695704,-74.44744531754533,-25.11561335244487,-24.45859844003409
20.5,-0.004393312448686171,-0.001239036362999194,-0.001197936730128532,-80.78686507240695,-34.21101918832909,-33.07748191315971
20.6,-0.004737395198943898,-0.001570424370149532,-0.00150748758520695,-87.09557641362244,-43.3582267567944,-41.6224402193986
20.7,-0.005079821444015248,-0.001903397437984104,-0.001814115679389382,-93.36975163292355,-52.54722963635152,-50.08511087195999
20.8,-0.005420291739893549,-0.002237528395617265,-0.0021174674622363,-99.60369217540148,-61.76581223045865,-58.45547743410079
20.9,-0.005758586207593073,-0.002572480076028085,-0.002417290693398129,-105.7931413863013,-71.0042211287674,-66.72632555469887
21,-0.006094369895376875,-0.002907809093825185,-0.002713248026767846,-111.9317789688744,-80.24978945970632,-74.8881306331423
21.1,-0.006427466677396781,-0.003243272735157724,-0.003005204734876731,-118.0162200005711,-89.49539730625848,-82.93698831041654
21.2,-0.006757435480559809,-0.003578271840349029,-0.003292709182291032,-124.0382673647511,-98.7241148641337,-90.86028825132507
21.3,-0.007083903864734603,-0.003912447663411565,-0.003575548918713471,-129.9910180962273,-107.9256660040499,-98.65204877601268
21.4,-0.007406690944875238,-0.00424544869627813,-0.003853531912454089,-135.8711028759534,-117.0899999188152,-106.3068856140371
21.5,-0.007725096313584915,-0.004576666366211159,-0.004126247244618121,-141.6657229070995,-126.2000232888337,-113.8134194559086
21.6,-0.008039091978176172,-0.004905817377551763,-0.00439359346078153,-147.3743320931216,-135.247616965625,-121.1688090226735
21.7,-0.008348028783238728,-0.005232424234868928,-0.004655307721254555,-152.9851870343345,-144.2193894284774,-128.3658307474656
21.8,-0.008651410908096822,-0.005555769706273346,-0.004910928149854174,-158.4893620139119,-153.0954165208871,-135.3918181587601
21.9,-0.008948959750053557,-0.005875896795350085,-0.005160682310282287,-163.881912727254,-161.8766842706227,-142.2530859931337
22,-0.009240136381262115,-0.006191885410816745,-0.005403957209219181,-169.1532299906986,-170.5378077877858,-148.9328698229657
22.1,-0.009524313173965324,-0.006503498060650044,-0.005640755167153076,-174.2921794796949,-179.0722121060225,-155.4313651749717
22.2,-0.009801175944375641,-0.006810203500222206,-0.00587083223111369,-179.2933229321696,-187.4653095229799,-161.7420118265567
22.3,-0.01007011131872148,-0.007111546189387946,-0.006094021485519567,-184.1458554888968,-195.7046414301625,-167.8603814117879
22.4,-0.01033066553545789,-0.007407079694154283,-0.00631017425845005,-188.8419734918367,-203.7781315153328,-173.7826170734179
22.5,-0.01058232376649286,-0.007696329320534112,-0.006519127536273043,-193.3728110707833,-211.6729838022284,-179.5044817818757
22.6,-0.01082435906632615,-0.007978846854642752,-0.006720747113384347,-197.7256008833844,-219.3770780941609,-185.0224534961679
22.7,-0.01105648834927283,-0.008254213029896523,-0.006914934178082927,-201.8957876616823,-226.8793131406417,-190.33411735901
22.8,-0.01127812378644509,-0.008521994450583898,-0.007101581457256009,-205.8732795083595,-234.1681857039601,-195.4367795031139
22.9,-0.01148874467409252,-0.008781766734689949,-0.007280594909016853,-209.6492483846291,-241.2325201419162,-200.328131349058
23,-0.01168784489400152,-0.009033115751956956,-0.007451892871692387,-213.2151567563048,-248.0614798937789,-205.0062103249684
23.1,-0.01187492186594036,-0.009275643425945106,-0.007615409470917098,-216.5625520387316,-254.6447194024605,-209.4694892701354
23.2,-0.01204954450124828,-0.00950897071247642,-0.007771095680469174,-219.6842698795364,-260.972457751692,-213.7169007612617
23.3,-0.01221118077616708,-0.009732736103753706,-0.007918916396725489,-222.5713737915042,-267.0354598524063,-217.7477757424695
23.4,-0.01235947351852963,-0.009946551084463595,-0.008058813277973162,-225.2180140800461,-272.8237604581817,-221.5607811965619
23.5,-0.01249399911855135,-0.01015011544769303,-0.008190796562406828,-227.6171684782581,-278.3298456550737,-225.1564702677135
23.6,-0.01261434390243417,-0.01034305709157896,-0.008314813017141189,-229.7619536327592,-283.5442719383105,-228.5336511214749
23.7,-0.0127202079115465,-0.01052518348868136,-0.008430949966366553,-231.6475157392474,-288.4624633074014,-231.6949523819311
23.8,-0.0128112849965882,-0.01069615417855616,-0.008539165757277447,-233.2688163293577,-293.0758691659177,-234.639485584249
23.9,-0.01288729800379386,-0.01085574283319787,-0.008639502097871463,-234.6212964605112,-297.3790010859809,-237.3686083507008
24,-0.01294792638051337,-0.01100371307825385,-0.008731984280906725,-235.6996275684134,-301.3661417868541,-239.8832500759233
24.1,-0.0129929660342375,-0.01113946705568001,-0.008816337913422173,-236.5003994679183,-305.0217136806645,-242.1761066101505
24.2,-0.01302259707765241,-0.01126352461312822,-0.008893163412574265,-237.027052425303,-308.3603731722626,-244.2637386330279
24.3,-0.0130363468756639,-0.01137522708345707,-0.008962109399071201,-237.2713025056104,-311.3648963600078,-246.1367457815551
24.4,-0.01303429669846713,-0.01147452351693264,-0.009023294667825749,-237.23466421233,-314.034430089311,-247.7985182936973
24.5,-0.0130164130484321,-0.01156128843717237,-0.009076761412376164,-236.9165347489375,-316.3660631267829,-249.250341973352
24.6,-0.01298279340194067,-0.01163543245021335,-0.009122562991435294,-236.3185582258585,-318.3578114235662,-250.4937918916473
24.7,-0.01293333098968453,-0.01169684039403663,-0.009160715284538091,-235.4386952755975,-320.0069157542105,-251.5293890723947
24.8,-0.01286827123151164,-0.01174534771026057,-0.009191175857218251,-234.2810967897123,-321.3093202744291,-252.3561067415923
24.9,-0.01278788215560723,-0.01178121223158226,-0.009214215501188078,-232.8502003638054,-322.2721110924694,-252.9813185058339
25,-0.01269219953974629,-0.01180405129106105,-0.009229582660735969,-231.1463362345384,-322.8852590980412,-253.3982881824216
25.1,-0.01258155971717992,-0.01181400274751859,-0.009237414269519654,-229.1750858064834,-323.1525793132249,-253.610768534853
25.2,-0.01245622992131265,-0.01181109585815178,-0.009237741307940863,-226.94073530851,-323.0748711220116,-253.6195963523618
25.3,-0.01231643777726184,-0.01179542736664445,-0.009230626706003669,-224.44684494287,-322.6547050571741,-253.4264741099537
25.4,-0.01216261288869307,-0.0117668864838409,-0.009215952088445454,-221.7005130173904,-321.8890056865333,-253.0281614356274
25.5,-0.0119951175830789,-0.01172577812635711,-0.009193909330029689,-218.7077994228422,-320.7859707926269,-252.4299267891569
25.6,-0.01181439961187496,-0.01167186237524284,-0.009164235223104902,-215.4759722972421,-319.3387811055999,-251.6244724676031
25.7,-0.01162082600399592,-0.01160543923849901,-0.009127076073400056,-212.0110756445121,-317.5552920194259,-250.6157415732445
25.8,-0.01141488873221655,-0.01152660802765717,-0.009082401676253063,-208.3213142737106,-315.437829955722,-249.402817792957
25.9,-0.01119705355456231,-0.01143549810550098,-0.009030187812206471,-204.4144603571259,-312.9895057127998,-247.9849475181433
26,-0.01096779179829105,-0.01133230163645057,-0.008970442988906431,-200.2983870295493,-310.2150350576604,-246.3622257640845
26.1,-0.01072763654360322,-0.0112171161657599,-0.008903085183967728,-195.982149431975,-307.1166333709439,-244.5323269083889
26.2,-0.01047705065971071,-0.01109014412282502,-0.008828099530872192,-191.4735212474745,-303.6991994033497,-242.4946680621609
26.3,-0.01021653494994733,-0.01095162456848579,-0.008745487700919149,-186.7810359359277,-299.9686422386641,-240.2491342572228
26.4,-0.009946623527214137,-0.01080176371431914,-0.008655211969775405,-181.9138542282622,-295.9299599655245,-237.7945206952677
26.5,-0.009667814133643027,-0.0106407844942986,-0.008557237427020043,-176.8805513167369,-291.5885854950191,-235.1296859315154
26.6,-0.0093806163326131,-0.01046890729435173,-0.00845151574562808,-171.689947738617,-286.9498640383524,-232.253103398886
26.7,-0.00908550674295268,-0.01028639060345222,-0.008338020976219532,-166.350338902582,-282.0201748129618,-229.1638476596221
26.8,-0.008782994730737979,-0.01009351458642478,-0.008216737265268219,-160.8706652108579,-276.8064856136659,-225.8612552230506
26.9,-0.008473559459615211,-0.009890554090241511,-0.008087638142445331,-155.2593756058562,-271.3156253875669,-222.3443585531959
27,-0.008157665755655541,-0.009677815105244276,-0.007950717739012134,-149.5247171514827,-265.5552849409495,-218.612742469563
27.1,-0.007835588109642272,-0.009455235186942091,-0.007805662311730645,-143.6715650221649,-259.5232469632226,-214.6576292244584
27.2,-0.007508120976620465,-0.009223966582948365,-0.007653158695709791,-137.7142063279022,-253.250088575682,-210.4973998588767
27.3,-0.007175477613671036,-0.008983641341270244,-0.007492638912681353,-131.6565413186897,-246.7254163844439,-206.1163617339776
27.4,-0.006837962135169175,-0.008734734748650011,-0.007324229110430416,-125.504090189211,-239.9616098475934,-201.5176564025203
27.5,-0.00649616826098365,-0.008477630780421403,-0.007147984156824889,-119.2677174764411,-232.968661693482,-196.7025118240684
27.6,-0.006150172201777326,-0.008212448939887613,-0.006963736568711224,-112.9488986241774,-225.7494044714252,-191.6660716646046
27.7,-0.005800596073157985,-0.007939926135196396,-0.006771846251365399,-106.5591115603307,-218.3235517596002,-186.4179144462431
27.8,-0.005447637341216339,-0.007660226736450779,-0.006572194407398973,-100.1021089406056,-210.6952163168766,-180.9544873288452
27.9,-0.005091631646327539,-0.007373604494763621,-0.006364740239870542,-93.58423434602996,-202.8711164460954,-175.2744666509137
28,-0.004732734845166729,-0.007080525096161461,-0.00614963146425454,-87.00854859788348,-194.8637334541254,-169.3816401915313
28.1,-0.004371288059213921,-0.006781152829396375,-0.005926763839717201,-80.38152930382606,-186.6773445342794,-163.2728869916631
28.2,-0.004007710950122313,-0.006476239556507848,-0.00569655274416125,-73.71112405276762,-178.3323696570809,-156.9593511652875
28.3,-0.003641900237871303,-0.006165857091586094,-0.005458827883729383,-66.99575123040523,-169.8308130586756,-150.4362378641788
28.4,-0.003274245909090817,-0.005850411799712362,-0.005213722431427981,-60.242858279286,-161.1837477597095,-143.7069858895482
28.5,-0.002904926852147922,-0.005530302558213964,-0.004961372723967253,-53.45605064385725,-152.402152164032,-136.7751830960816
28.6,-0.002534120061081889,-0.005205896542001256,-0.004701898295717604,-46.63891644135309,-143.4961927167683,-129.6439832813868
28.7,-0.002161973098088509,-0.004877561745740162,-0.004435430718420439,-39.79451687150178,-134.4761143958038,-122.316901004708
28.8,-0.001788651534093115,-0.004545667798265009,-0.0041621148589567,-32.92625685285308,-125.3522607901946,-114.7978489205675
28.9,-0.00141430416852326,-0.004210584606765829,-0.003882108116086655,-26.03724399873293,-116.1350339561121,-107.0911191088837
29,-0.001039103950686424,-0.003872722342219193,-0.003595618158764532,-19.13104003318115,-106.8359916162988,-99.20242499016479
29.1,-0.000663035826824955,-0.003532330770935653,-0.003302715991672915,-12.20775291437261,-97.46231933200761,-91.1337513363286
29.2,-0.0002863586196312128,-0.00318988776039476,-0.003003698886621237,-5.272539559353983,-88.02752118778753,-82.89335759242037
29.3,9.085697399004744e-05,-0.002845708044339032,-0.002698725231741911,1.672901487532519,-78.54064694154729,-74.48571747882616
29.4,0.000468465026051395,-0.002500187402212958,-0.002388043713438672,8.625482960659328,-69.0130112833203,-65.91783603409385
29.5,0.0008463505976630039,-0.002153684425006356,-0.002071882295166551,15.58268560948396,-59.45492638303284,-57.19618600217331
29.6,0.001224418241269809,-0.001806536667042349,-0.001750462987538552,22.54234737206325,-49.87614897464054,-48.32711834109236
29.7,0.001602548871664801,-0.001459118877040479,-0.001424058278780592,29.50187116748892,-40.28747811244799,-39.31841899194649
29.8,0.001980605051451348,-0.001111770536059464,-0.001092921530228578,36.45832334280372,-30.69875281779431,-30.17738660249799
29.9,0.002358449238289242,-0.0007648660426336452,-0.0007573554536016932,43.40877108409185,-21.12078185310711,-20.91271955904088
30,0.002735935977791135,-0.0004187567430964652,-0.0004176558877098066,50.35014062291764,-11.56374110009797,-11.53296466664797
30.1,0.003112913684743173,-7.3792615025619e-05,-7.41330780234328e-05,57.27925093543453,-2.037766058843521,-2.047100753848718
30.2,0.003489215417859007,0.0002696786853941612,0.0002728890283865792,64.19264751676374,7.447078663720947,7.535483107760838
30.3,0.00386466012455835,0.0006113122914740516,0.0006230730237727986,71.08662641638089,16.88081708798906,17.20499793250577
30.4,0.004239053173147991,0.0009507612702672758,0.0009760628333087005,77.95724733850876,26.25343205347622,26.95111473146313
30.5,0.004612177458054368,0.001287684066945333,0.001331491010829212,84.80017198857148,35.55507506267463,36.76317095201208
30.6,0.004983807738688521,0.001621744117713452,0.001688978200387332,91.61093082194556,44.77605944652748,46.63016004810417
30.7,0.005353706133369886,0.001952625442838924,0.002048149402242314,98.38484891091076,53.90729483743002,56.5411863784518
30.8,0.005721617189739685,0.002279993350968749,0.002408592756474543,105.1169372674533,62.9392048005232,66.48433315815856
30.9,0.006087206481618554,0.002603515351064012,0.002769881184207006,111.8008223055015,71.86230873006404,76.44726604759803
31,0.006450244819366133,0.002922846237456113,0.003131555081135564,118.4320498752433,80.6668145535271,86.41676400682709
31.1,0.006810527364172116,0.003237737813409177,0.003493241536572621,125.0066651331167,89.34563861433443,96.38200954251587
31.2,0.007167084578072683,0.003547848459462227,0.00385445212120914,131.5067910370057,97.88917160832838,106.3290345423659
31.3,0.007520179583751709,0.003852910235480247,0.004214755195961008,137.9370807051446,106.2898632333295,116.245444890748
31.4,0.007869266112651031,0.004152597029919178,0.004573641289082255,144.2874804701093,114.5386170218082,126.1167563715683
31.5,0.008213825344775974,0.004446644881069943,0.004930650407865882,150.5484810384348,122.6280859031383,135.9298845691753
31.6,0.008553564640767484,0.004734769833699452,0.00528528276195774,156.714765859314,130.5504195577073,145.6707070530125
31.7,0.008887840476346522,0.005016754294053561,0.005637095666429832,162.7746645165073,138.2996418076862,155.3267280815833
31.8,0.009216389531507833,0.005292411265227355,0.005985664503051272,168.7235267573132,145.8706452002273,164.8860002229231
31.9,0.009538487319691967,0.005561195589823617,0.006330143704950511,174.5483380577188,153.2485390626287,174.3251088092262
32,0.009853792972560704,0.005823176882100456,0.006670365184598052,180.2431421799437,160.4353471715337,183.6392840786371
32.1,0.0101616081833809,0.006078045095813308,0.007005717516796353,185.7955906583011,167.4227196674098,192.8116964274116
32.2,0.01046151063887724,0.006325615425189474,0.00733571622765828,191.19836848709,174.2057657485556,201.8290586291982
32.3,0.01075297840928378,0.006565712866638096,0.007659875072749124,196.4424401712301,180.7799053748658,210.6781315226845
32.4,0.01103537623092794,0.006798118194059006,0.007977643494253676,201.5167945487636,187.1393721685228,219.3440006895203
32.5,0.01130815612482557,0.007022691087113293,0.008288550798840518,206.412066221542,193.2805965109948,227.8140309555192
32.6,0.01157077197714516,0.007239318475781477,0.008592148315395742,211.1189669834799,199.2007640838569,236.0762535184715
32.7,0.01182255605517476,0.007447793737457253,0.008887867559131655,215.6261293921854,204.8945520401169,244.1155702928405
32.8,0.0120633767659769,0.007648471909005737,0.009175801695210772,219.9317570309256,210.3719384076338,251.9348623024668
32.9,0.01229188501881905,0.007840048447671869,0.009454052258792141,224.0124227972025,215.5976930646255,259.4831231231249
33,0.01250799529701846,0.008023542944500101,0.009723499917684562,227.8672302968204,220.5999397985556,266.7847545084111
33.1,0.01271127899308651,0.008198609219028334,0.00998338415414134,231.4892434901187,225.3695963149046,273.8197532906462
33.2,0.01290111007453622,0.008365146823572884,0.01023323979215637,234.8679997551137,229.9042720617783,280.5761766465712
33.3,0.01307699573761231,0.008523060007858149,0.01047260568313403,237.9954395944203,234.2017190231344,287.0422726751045
33.4,0.01323842095598859,0.008672465079029582,0.0107012843389496,240.8630178486752,238.265380051577,293.2133277444013
33.5,0.01338499630220921,0.008813168648486903,0.01091870063852055,243.4645761281605,242.0904100734949,299.0747160537259
33.6,0.01351650003502316,0.008945417286093727,0.01112482777297194,245.7967758882476,245.6838052665478,304.6264417131949
33.7,0.01363224574069038,0.00906910834128058,0.01131922172235249,247.848002694374,249.0430589281516,309.8572784685952
33.8,0.01373196108632794,0.009183687365821695,0.0115008749573939,249.6140372807257,252.1534767902027,314.7410166836912
33.9,0.01381529441787937,0.009289968614731416,0.01167050605961495,251.0891067748222,255.0374189664298,319.2977181478061
34,0.01388229636439552,0.009387711755798349,0.0118275254242138,252.274525233435,257.6886297964471,323.5123034528075
34.1,0.01393254269377748,0.009476904156756035,0.01197164925597726,253.1631380151614,260.1070255158496,327.3779131148178
34.2,0.01396590329102883,0.009557586853170659,0.01210267558534295,253.7529117454208,262.2939555524742,330.889849399825
34.3,0.01398229881340178,0.009629874908368885,0.01222051613772505,254.0426132183515,264.2527515959219,334.0464180828917
34.4,0.01398172417983082,0.009693779591535289,0.01232497146093605,254.032229177378,265.9838967961903,336.8428751945482
34.5,0.01396402249825393,0.009749242629239574,0.01241577548447377,253.7190158345997,267.4859985602154,339.2726891432317
34.6,0.01392936965976335,0.009796512090529674,0.01249307705769888,253.1059589305164,268.7659204117568,341.340339060299
34.7,0.01387789871739305,0.009835624003254368,0.01255677646324978,252.1952471799812,269.8247616050925,343.0435870710248
34.8,0.01380944790277327,0.009866218527119903,0.01260630023796584,250.9837425039865,270.6528899071513,344.3674711869646
34.9,0.01372446257352156,0.009888777457128699,0.01264216798020008,249.4789691962928,271.263420546295,345.326152856919
35,0.01362311479914745,0.009903226797803895,0.01266422028324381,247.683572355508,271.6544393579721,345.9156275151296
35.1,0.01350567697989969,0.009909567849028746,0.01267242079115214,245.6018642433121,271.8259953291741,346.1350082497864
35.2,0.01337242946690509,0.009907841818528157,0.01266681219546058,243.2382625579917,271.7792296697143,345.9854973061885
35.3,0.01322375129456028,0.009898046758983595,0.01264740860945254,240.5988747868255,271.5140793670677,345.4674276736428
35.4,0.01306001154670656,0.009880243693154284,0.01261433205429788,237.6896103765184,271.032172951311,344.583950099178
35.5,0.01288161064359919,0.009854387068505896,0.01256759633929465,234.5169018398139,270.3322348867009,343.3352485427225
35.6,0.01268912742252264,0.009820507131499671,0.01250733589117525,231.0903471642708,269.4150177924491,341.7246486104011
35.7,0.01248277658218148,0.009778702415726743,0.01243380308454239,227.4130192387425,268.2830706614579,339.7585140053223
35.8,0.01226325211050907,0.0097287412093325,0.01234684938207457,223.4965893279904,266.9300369280461,337.4325040610314
35.9,0.0120309934894231,0.009670723119632988,0.01224677423018389,219.3482338254942,265.358530521756,334.7542331464733
36,0.01178656499005717,0.009604811854732255,0.01213397962394442,214.9772126580216,263.5726881721557,331.7337005488441
36.1,0.0115304764951168,0.009530754593013089,0.01200836219721785,210.3920899837792,261.565636126402,328.3677902502234
36.2,0.01126324791872712,0.009448639848241337,0.01187026955612853,205.6014928346993,259.3395219224184,324.6650953247913
36.3,0.01098551200258581,0.009358402625286595,0.01171987352497405,200.6161798457321,256.8923982872932,320.6295960292516
36.4,0.01069771791029321,0.009259998775462921,0.0115573908151723,195.4436596698093,254.2228400289334,316.2664117942909
36.5,0.01040046555740503,0.009153429630499909,0.01138310888129085,190.0942066605979,251.3306406110827,311.5825469197616
36.6,0.01009430747156505,0.009038674859051139,0.01119730113010177,184.5773086740218,248.2149804830468,306.5846062088962
36.7,0.009779741354692718,0.008915720005585052,0.01100026091780193,178.9015391085352,244.8752018680069,301.2797586911481
36.8,0.009457322641278748,0.008784466606534801,0.01079218645435896,173.076590110386,241.308353615815,295.6726196162427
36.9,0.009127540301848753,0.008644966056144352,0.01057346937224972,167.1110163380579,237.5155316792724,289.7730137861966
37,0.008790897216770718,0.008497178942291907,0.01034439540381572,161.0136908062196,233.495354650424,283.5879366466871
37.1,0.008447832524101395,0.008341002628109327,0.01010517913791821,154.7924048167615,229.2447187428428,277.1225000829553
37.2,0.008098899144933896,0.008176625357953589,0.009856390080268529,148.4570743999624,224.7684181214276,270.3914333619948
37.3,0.007744544182428289,0.008003976342143145,0.009598282754442642,142.0157606444091,220.0641774656208,263.4009759765536
37.4,0.007385169072202877,0.007822997968636168,0.009331130487294082,135.4757746651894,215.1301203374219,256.1579832792558
37.5,0.007021011102471002,0.007633609213134467,0.009055178797639576,128.8414938159877,209.9637220357294,248.6685969745709
37.6,0.006652470670664093,0.007435694113214751,0.008770629605448723,122.1202738377911,204.5614271944933,240.9377213395765
37.7,0.00628060337686046,0.007230393656805032,0.008479155674779148,115.3315213803387,198.9540799017738,233.0104141529721
37.8,0.005904977113610863,0.00701629083739692,0.008179415370447583,108.4675805029776,193.1027151563525,224.8498873297889
37.9,0.005525727277195754,0.006794007684295728,0.007872466474793493,101.5310963421897,187.0239612163211,216.4845353906999
38,0.005143706469115925,0.00656369147648429,0.007558785151468855,94.53792324705317,180.721563208848,207.9270954575143
38.1,0.004759044873815802,0.006325366372208869,0.007238702587887885,87.49073334247598,174.1959005175815,199.1864092902146
38.2,0.004371999518963448,0.006079091753045171,0.006912579794897347,80.39455194821178,167.4483398549312,190.272212699618
38.3,0.003982725253795639,0.005824881995481688,0.006580716432947242,73.25256290414916,160.4790389658806,181.1926295992521
38.4,0.003591520491696619,0.005563009792934577,0.00624369281318899,66.07060476332784,153.2952659060324,171.9635452786217
38.5,0.003198572024803366,0.00529349000401282,0.005901784317741334,58.85249123715159,145.8972409484908,162.5925578790171
38.6,0.002804063446453443,0.005016457624298202,0.005555389736238549,51.60199356303623,138.2885023703237,153.0907004483794
38.7,0.002408179371759107,0.004732028157391985,0.005204873168397512,44.32293101356834,130.4721289782998,143.4681739275529
38.8,0.002011017328132504,0.004440373039702781,0.004850646523875812,37.01752543649161,122.4527370497294,133.7365040544884
38.9,0.001612761531788739,0.004141653171984202,0.004493095308672976,29.6896119398284,114.2347169861741,123.9065841960257
39,0.001213574257072999,0.003836014815537037,0.004132575018087828,22.34262543912586,105.8220662856618,113.9884883856653
39.1,0.0008136451056032957,0.003523903532540302,0.003769747381549921,14.98052531924707,97.22711488394398,104.0008448840611
39.2,0.0004129600107869035,0.003205013154682056,0.003404452861470401,7.603522456668176,88.44151868927358,93.93966694234298
39.3,1.172413245385298e-05,0.002880046791077633,0.003037596513646995,0.2158703250955038,79.48477652647098,83.83035381924518
39.4,-0.0003900205457154459,0.002548740379317376,0.002669040175966426,-7.181176641000349,70.34978144759906,73.66956583298499
39.5,-0.0007918949901371462,0.002212080611232535,0.002299945200279118,-14.58015401997629,61.06397680808497,63.48986094664336
39.6,-0.001194115035622615,0.001869524304009721,0.001929855810866045,-21.98455035748491,51.61265802862582,53.27920024924292
39.7,-0.00159630932188305,0.001521968806744993,0.001559800040880622,-29.38703878287412,42.02089984884086,43.06650607229911
39.8,-0.001998443677517369,0.001169296563978472,0.001189738440396964,-36.78650744343579,32.28583546452037,32.85125991009163
39.9,-0.002400371051771341,0.000811973201702584,0.0008202162706254328,-44.17975940151626,22.42072519531312,22.64908133221472
40,-0.002801918620991456,0.0004502895596137637,0.000451581987883854,-51.56313612756968,12.43406126942742,12.47017103393211
40.1,-0.00320294256368216,8.455689617343145e-05,8.418833856288313e-05,-58.93355452619531,2.334941263586058,2.324842563923661
40.2,-0.003603264330338164,-0.0002848100779693191,-0.0002815260264689058,-66.28718998165067,-7.864655288676649,-7.774236371036063
40.3,-0.004002705288862674,-0.0006575502942982633,-0.0006452922595430528,-73.62040956687001,-18.15695953945652,-17.81909946303672
40.4,-0.004400972834017076,-0.001033229327158078,-0.001006687033690758,-80.92729959895519,-28.52935668878124,-27.7975168007722
40.5,-0.004798005284157286,-0.001411468014210508,-0.001365359427080895,-88.20636943114911,-38.97077685435369,-37.6993104780537
40.6,-0.005193399061512071,-0.001791856049715846,-0.001720945842928368,-95.44977343676344,-49.4692347334307,-47.513954737049
40.7,-0.005586968530622741,-0.002174003240259488,-0.002073119430976014,-102.6537304278391,-60.01330879672756,-57.23198735929508
40.8,-0.005978444793562712,-0.002557431526830043,-0.002421487123560573,-109.8129663972959,-70.58915099159154,-66.84215811548039
40.9,-0.006367528076047961,-0.002941742481387058,-0.002765749596595261,-116.9216532956709,-81.18510133625378,-76.33583303922828
41,-0.006753892376336751,-0.003326528558229036,-0.0031056152700783,-123.9735350730175,-91.78926478153467,-85.70464186344329
41.1,-0.007137107174630308,-0.003711175063085825,-0.00344061709580678,-130.9604908361914,-102.3840611638765,-94.93543087035088
41.2,-0.007516845719968708,-0.004095270401133953,-0.003770496148565247,-137.8763361399131,-112.9575297387167,-104.0208244381649
41.3,-0.007892706949944137,-0.00447830104332619,-0.004094916041904115,-144.7135851939724,-123.4949399713341,-112.951366854469
41.4,-0.008264209334386043,-0.004859739668492932,-0.004413545576691194,-151.4633400862437,-133.9812243042849,-121.7177944390224
41.5,-0.008631138576000627,-0.005239306481952425,-0.004726294953019424,-158.1216505074302,-144.4081931464627,-130.3175587887741
41.6,-0.008992728300144319,-0.005616116410727749,-0.005032542749359816,-164.6745243985687,-154.7510294829681,-138.7334862479348
41.7,-0.009348660772989431,-0.005989947265148594,-0.005332282497683235,-171.116330362297,-165.0032913356868,-146.9654650805101
41.8,-0.009698589090003285,-0.006360299699890667,-0.005625274037252733,-177.4408165635362,-175.1508983473653,-155.0068983669427
41.9,-0.01004143127945186,-0.006726031937430482,-0.005910722590082169,-183.6286218060285,-185.1623242950078,-162.8360949054138
42,-0.01037721929845992,-0.007087389430610208,-0.006189077465703307,-189.6805255643095,-195.0440807753415,-170.4655114069625
42.1,-0.01070510392171184,-0.007443393454680249,-0.006459721690998026,-195.5815355983875,-204.7692987221884,-177.8784183681732
42.2,-0.011024573822965,-0.007793633655166495,-0.006722550602433525,-201.3228131373019,-214.3267470962606,-185.0721767891113
42.3,-0.01133503368650496,-0.008137549120655256,-0.00697734095793595,-206.894094043131,-223.7011815757574,-192.0409350068037
42.4,-0.01163591018040506,-0.008474590964331303,-0.007223891643647212,-212.2856034718585,-232.8778121868849,-198.7794993060435
42.5,-0.01192662810144411,-0.008804349854289803,-0.007462131822062478,-217.4875701318537,-241.8457035126711,-205.2862310378842
42.6,-0.01220651199216665,-0.009126107943665562,-0.007691737055864523,-222.488537870523,-250.5856663447777,-211.5526181289329
42.7,-0.01247491455991726,-0.009439426095017894,-0.007912627826305552,-227.2775955432197,-259.0861767209348,-217.5768472210453
42.8,-0.01273131992477852,-0.009743814517302231,-0.008124688809746237,-231.8463502193622,-267.3345540574236,-223.3562370493749
42.9,-0.01297500998251198,-0.01003881458483025,-0.008327836168080941,-236.1826817834931,-275.3188382438914,-228.8888173264716
43,-0.01320573019101395,-0.01032399575140424,-0.008522014055372548,-240.2829035572333,-283.0280912363222,-234.1735254751329
43.1,-0.0134225449256456,-0.01059904971704508,-0.008707266599674445,-244.1311742053833,-290.4546547737918,-239.2119361200575
43.2,-0.01362504826200835,-0.01086282819950736,-0.008882952601408376,-247.7211669831657,-297.5683730283502,-243.987075246699
43.3,-0.01381276282555391,-0.01111573698477259,-0.0090497035189528,-251.0452165952313,-304.3810047903248,-248.5165009156882
43.4,-0.01398525285735722,-0.01135704416083503,-0.009207216878003788,-254.0964261981415,-310.8737044859017,-252.7924037765569
43.5,-0.01414189981874547,-0.01158637405354907,-0.009355476190373321,-256.8646536116277,-317.0372859504895,-256.8147428749635
43.6,-0.01428232501307392,-0.01180336449417106,-0.009494472448819319,-259.3439789293847,-322.8629648601572,-260.5836723200451
43.7,-0.01440619142544038,-0.01200778589253007,-0.009624295423239827,-261.5291463646456,-328.3455022019905,-264.101989754292
43.8,-0.01451285305291357,-0.01219903022045905,-0.009744722311840965,-263.4095187855256,-333.4696481039851,-267.3640849675791
43.9,-0.01460257988422141,-0.0123771983150933,-0.009856089797955332,-264.9902943941974,-338.2389072678603,-270.3793282305036
44,-0.01467475276624242,-0.0125418594714752,-0.009958293053920189,-266.2611286032709,-342.6427356514139,-273.1452471412095
44.1,-0.01472912934109909,-0.01269274967006358,-0.01005134880718794,-267.2181415104168,-346.6749170986316,-275.6625656518906
44.2,-0.01476557119589164,-0.01282972193066015,-0.01013535313868332,-267.8592807468052,-350.332454238392,-277.9342137463321
44.3,-0.01478405952830158,-0.01295255307560081,-0.01021032542760142,-268.1843754856809,-353.6101102327475,-279.9609186880143
44.4,-0.01478444641009638,-0.01306105548247786,-0.01027629434755082,-268.1909441167278,-356.5036259526,-281.743691773848
44.5,-0.0147668519528665,-0.01315519256617148,-0.01033339109899195,-267.8811301542392,-359.0127351556056,-283.286305932289
44.6,-0.01473126105997167,-0.01323480891621596,-0.01038163217073888,-267.2545237978762,-361.1338028068767,-284.5893291345056
44.7,-0.01467768100908171,-0.01329983162848812,-0.01042107579775545,-266.3110370836068,-362.8654270525859,-285.6545015662097
44.8,-0.01460633699640474,-0.01335026317848645,-0.01045182531387055,-265.0544337414692,-364.2081929162492,-286.4847983133176
44.9,-0.01451739370578329,-0.0133859663494422,-0.01047384561121458,-263.4870751724734,-365.158643555395,-287.0792811109805
45,-0.01441114694521416,-0.01340696826351507,-0.01048721307138059,-261.6137340531944,-365.7177981936124,-287.4401200812131
45.1,-0.01428792350539015,-0.0134133060472427,-0.01049198652573164,-259.4395660736022,-365.8867527178141,-287.5689258356041
45.2,-0.01414794598773648,-0.01340502457309024,-0.01048820879799883,-256.9678654615864,-365.6667595899185,-287.4668798868222
45.3,-0.01399171701744426,-0.01338215885018082,-0.01047589303940448,-254.206779820583,-365.0586873998468,-287.1343224549618
45.4,-0.01381956187322362,-0.01334479086142673,-0.01045506571418805,-251.1612983099004,-364.0645627549648,-286.5719285707013
45.5,-0.01363196123254618,-0.01329304400681237,-0.01042576393255528,-247.8391270347715,-362.6874392804287,-285.7806460510374
45.6,-0.01342943612716115,-0.01322707573370769,-0.01038802967589928,-244.2486515421003,-360.9311551736568,-284.7615087043048
45.7,-0.01321241034750243,-0.01314688755650334,-0.01034176081732623,-240.3965711735338,-358.7953745753173,-283.5116722994414
45.8,-0.01298144293843701,-0.01305279930675132,-0.01028708491938077,-236.2919361908534,-356.2880779336871,-282.0344189314885
45.9,-0.01273709080133196,-0.01294490883513818,-0.01022393596180362,-231.9438255691317,-353.4113326938935,-280.3278232072165
46,-0.01247994224733353,-0.01282349888083183,-0.01015237514558225,-227.3618654026712,-350.171985235865,-278.3933181768392
46.1,-0.01221049240830724,-0.01268861996860991,-0.0100722608810942,-222.5541329580616,-346.570772418719,-276.226923429228
46.2,-0.01192940659209141,-0.01254062987731387,-0.009983678801524298,-217.5317353820393,-342.6164901369546,-273.8307197075501
46.3,-0.01163718713002019,-0.01237977421890782,-0.009886611426886596,-212.3029565889047,-338.3149160416359,-271.2039838478877
46.4,-0.01133448997304492,-0.01220633236751425,-0.00978105572095034,-206.8788676115771,-333.6726551365546,-268.346333027037
46.5,-0.01102185037566461,-0.01202043815686526,-0.009666875568759647,-201.2684865722339,-328.6925183896446,-265.2538432524145
46.6,-0.01069986586464959,-0.01182245253553794,-0.009544107648336603,-195.4820046485851,-323.3833034684024,-261.9271929632918
46.7,-0.01036901120499318,-0.01161257135254163,-0.009412646123343846,-189.5274943227137,-317.7493897714746,-258.3631878491
46.8,-0.01002999338557008,-0.01139139541187463,-0.009272703810269093,-183.417272666116,-311.8060632119415,-254.5672723978216
46.9,-0.009683187131710964,-0.01115913364821756,-0.009124172934523217,-177.1577509753974,-305.5580133510841,-250.5361166078351
47,-0.009329379565507752,-0.01091594850305148,-0.008966898989265564,-170.7629152121751,-299.0089008009969,-246.2652506066586
47.1,-0.008968820558822829,-0.0106623198300893,-0.008800981370156322,-164.2370783095058,-292.1708060834671,-241.7569717762192
47.2,-0.008602060658079948,-0.01039850589989088,-0.008626338120421672,-157.5900746480094,-285.0499200674948,-237.0086709796927
47.3,-0.008229480282169275,-0.01012479086589679,-0.008442905162208822,-150.8287360179527,-277.653181718924,-232.0182191063708
47.4,-0.007851737863022484,-0.009841952943078243,-0.008251032201170558,-143.9649927380445,-270.0009332581718,-226.7947309159919
47.5,-0.007469140458306868,-0.009549985037056037,-0.008050416160600149,-137.004505576061,-262.0924005579961,-221.3295949392805
47.6,-0.007082079794950414,-0.009249506209012473,-0.007841279963374208,-129.9544974118154,-253.943762768827,-215.6284779870632
47.7,-0.006691004536040851,-0.008940608825205856,-0.007623407609194802,-122.8233188213738,-245.5570588680108,-209.6851384967781
47.8,-0.006296052822585684,-0.008623811095996217,-0.007396945522910263,-115.613686108056,-236.9458943463185,-203.503177073797
47.9,-0.005897875005512716,-0.008299709105827448,-0.007162119169714897,-108.3377316374779,-228.126146250506,-197.0884159534625
48,-0.005496512583240735,-0.007968478346920677,-0.006918799344801634,-100.9965063035174,-219.1022702435577,-190.436959320531
48.1,-0.0050924325909033,-0.007630601522200183,-0.006667129484670327,-93.59887528887303,-209.8871846078077,-183.5523926993455
48.2,-0.004685768211130662,-0.007286392750117159,-0.006407113808855342,-86.14765714496129,-200.4893765951368,-176.4345767452826
48.3,-0.004276816728538104,-0.006936337441095447,-0.006138918474520536,-78.64868408680871,-190.9219984581881,-169.0877610000094
48.4,-0.003865768456055468,-0.006580788476602295,-0.005862603378858832,-71.10586705499392,-181.194706803591,-161.5133457664579
48.5,-0.003452890089075016,-0.006220230086129222,-0.005578356840110349,-63.52454392889751,-171.3208289276855,-153.7162819919398
48.6,-0.003038383579015215,-0.005855044995234756,-0.005286289363587445,-55.90888842162204,-161.3109932823359,-145.6994247244917
48.7,-0.002622375686606763,-0.00548558275722208,-0.004986493167284267,-48.26171530087605,-151.1750037924104,-137.4651746450572
48.8,-0.002205037186437571,-0.005112297455303593,-0.00467916807389562,-40.5866627111606,-140.9255976964894,-129.0189268275196
48.9,-0.001786560204749807,-0.004735587834259002,-0.004364477977598229,-32.88777786703376,-130.5740589561809,-120.3651338511595
49,-0.001367029969328998,-0.00435584965640781,-0.004042597640683942,-25.16715755387621,-120.131677609859,-111.5086154886589
49.1,-0.0009466499351381869,-0.00397349396620062,-0.003713730705869665,-17.4290811095857,-109.61018907544,-102.4550136995742
49.2,-0.0005255108879453362,-0.0035889534267911,-0.003378115984842201,-9.675767104224757,-99.02201669865497,-93.21101858747249
49.3,-0.0001037689293572129,-0.003202544145782036,-0.003035897824452098,-1.910641381891279,-88.37637764923477,-83.78075003215359
49.4,0.0003185317102887614,-0.002814741435413287,-0.00268738600516832,5.864922557350377,-77.68698198425609,-74.1729775998586
49.5,0.0007410775319565019,-0.002425982415567083,-0.002332871390165972,13.64458805946647,-66.96643748446878,-64.3959576955576
49.6,0.001163986318161004,-0.002036585017687274,-0.001972546535526056,21.42996062861095,-56.22418360156581,-54.45534978264407
49.7,0.001586871553965994,-0.001647034712334158,-0.001606782083600356,29.21335559627781,-45.47424068292429,-44.36174304489486
49.8,0.002009866628614275,-0.001257454370889767,-0.001235611282954643,36.99666277999451,-34.72067052171393,-34.11649106385238
49.9,0.002432630016541792,-0.0008685389566528971,-0.0008596432297289927,44.77303323188542,-23.98332349944854,-23.73688607740342
50,0.002855052283092751,-0.0004805996180732157,-0.0004791302677013405,52.53989499728569,-13.2714615454963,-13.23042923018544
50,0.002855052283092751,-0.0004805996180732157,-0.0004791302677013405,52.53989499728569,-13.2714615454963,-13.23042923018544
